{
    "total_runtime": 2077.1424589157104,
    "num_documents": 1800,
    "input_load_time": 0,
    "workflows": {
        "create_base_text_units": {
            "overall": 3.655771017074585,
            "0_orderby": 0.8515839576721191,
            "1_zip": 0.026861190795898438,
            "2_aggregate_override": 0.0525360107421875,
            "3_chunk": 2.5178730487823486,
            "4_select": 0.013149023056030273,
            "5_unroll": 0.015581846237182617,
            "6_rename": 0.0075490474700927734,
            "7_genid": 0.07393288612365723,
            "8_unzip": 0.009919881820678711,
            "9_copy": 0.008378982543945312,
            "10_filter": 0.07538986206054688
        },
        "create_base_extracted_entities": {
            "overall": 1452.38654088974,
            "0_entity_extract": 1445.6680281162262,
            "1_merge_graphs": 6.7106239795684814
        },
        "create_summarized_entities": {
            "overall": 118.17989802360535,
            "0_summarize_descriptions": 118.170902967453
        },
        "create_base_entity_graph": {
            "overall": 8.299955129623413,
            "0_cluster_graph": 8.280733108520508,
            "1_select": 0.010900020599365234
        },
        "create_final_entities": {
            "overall": 192.3476209640503,
            "0_unpack_graph": 3.5150301456451416,
            "1_rename": 0.013477325439453125,
            "2_select": 0.015352249145507812,
            "3_dedupe": 0.022742033004760742,
            "4_rename": 0.01431894302368164,
            "5_filter": 0.15998530387878418,
            "6_text_split": 0.15752768516540527,
            "7_drop": 0.01622295379638672,
            "8_merge": 1.7162282466888428,
            "9_text_embed": 186.4983732700348,
            "10_drop": 0.03816390037536621,
            "11_filter": 0.17067813873291016
        },
        "create_final_nodes": {
            "overall": 22.48377513885498,
            "0_layout_graph": 12.925021171569824,
            "1_unpack_graph": 4.281139135360718,
            "2_unpack_graph": 4.261481046676636,
            "3_filter": 0.6664681434631348,
            "4_drop": 0.021928071975708008,
            "5_select": 0.02030181884765625,
            "6_rename": 0.03505825996398926,
            "7_convert": 0.0806729793548584,
            "8_join": 0.13573884963989258,
            "9_rename": 0.04125189781188965
        },
        "create_final_communities": {
            "overall": 17.680094957351685,
            "0_unpack_graph": 3.7885191440582275,
            "1_unpack_graph": 3.712728977203369,
            "2_aggregate_override": 0.041998863220214844,
            "3_join": 0.40923094749450684,
            "4_join": 0.3345212936401367,
            "5_concat": 0.06441187858581543,
            "6_filter": 8.749035835266113,
            "7_aggregate_override": 0.21986794471740723,
            "8_join": 0.027173757553100586,
            "9_filter": 0.07937288284301758,
            "10_fill": 0.022919893264770508,
            "11_merge": 0.1485600471496582,
            "12_copy": 0.024393081665039062,
            "13_select": 0.024523019790649414
        },
        "join_text_units_to_entity_ids": {
            "overall": 0.23444604873657227,
            "0_select": 0.029484987258911133,
            "1_unroll": 0.03756213188171387,
            "2_aggregate_override": 0.1455528736114502
        },
        "create_final_relationships": {
            "overall": 5.514018774032593,
            "0_unpack_graph": 3.725874185562134,
            "1_filter": 0.7782306671142578,
            "2_rename": 0.03337597846984863,
            "3_filter": 0.7719399929046631,
            "4_drop": 0.028988122940063477,
            "5_compute_edge_combined_degree": 0.05340313911437988,
            "6_convert": 0.0627140998840332,
            "7_convert": 0.035141706466674805
        },
        "join_text_units_to_relationship_ids": {
            "overall": 0.3114800453186035,
            "0_select": 0.03172492980957031,
            "1_unroll": 0.0394749641418457,
            "2_aggregate_override": 0.16838622093200684,
            "3_select": 0.030826091766357422
        },
        "create_final_community_reports": {
            "overall": 245.57786393165588,
            "0_prepare_community_reports_nodes": 0.6064269542694092,
            "1_prepare_community_reports_edges": 0.1645357608795166,
            "2_restore_community_hierarchy": 0.1697399616241455,
            "3_prepare_community_reports": 3.7415659427642822,
            "4_create_community_reports": 240.80761218070984,
            "5_window": 0.039067983627319336
        },
        "create_final_text_units": {
            "overall": 0.29032206535339355,
            "0_select": 0.03682398796081543,
            "1_rename": 0.036412954330444336,
            "2_join": 0.048171043395996094,
            "3_join": 0.04592776298522949,
            "4_aggregate_override": 0.049352169036865234,
            "5_select": 0.04003190994262695
        },
        "create_base_documents": {
            "overall": 0.8328299522399902,
            "0_unroll": 0.04550290107727051,
            "1_select": 0.03720211982727051,
            "2_rename": 0.039346933364868164,
            "3_join": 0.18580389022827148,
            "4_aggregate_override": 0.15857577323913574,
            "5_join": 0.050646066665649414,
            "6_rename": 0.04052400588989258,
            "7_convert": 0.23755478858947754
        },
        "create_final_documents": {
            "overall": 0.08234596252441406,
            "0_rename": 0.041545867919921875
        }
    }
}